{
  "accuracy": 0.8888888888888888,
  "precision": 0.8,
  "recall": 1.0,
  "f1": 0.8888888888888888,
  "roc_auc": 1.0,
  "true_negatives": 4,
  "false_positives": 1,
  "false_negatives": 0,
  "true_positives": 4
}